1048585	417	11249	10824	3562	2749	8592	4049	1407	8501	2566	5730	11158	8137	10951	5861	3827	8502	964	5917	8914
2	11816	11063	8973	6890	9214	7746	9144	8702	4796	2298	1433	3030	206	8868	2137	4509	8791	4708	10000	11212
524332	257	1520	7135	10839	8418	3770	6783	1936	11917	5698	8250	3559	7244	9449	7280	1273	9575	3790	3573	5684
1048642	8524	7864	3678	4060	100	2458	6090	10123	11236	8094	1058	4942	11900	2064	11859	2205	5287	8961	7664	11016
524447	1370	855	2655	3187	4588	1100	637	4093	8329	8455	8027	11154	10944	6916	4529	5143	5966	8089	11780	1509
786674	6992	2620	9863	9498	4189	9785	5423	9679	8243	8339	4721	5823	1891	11245	11536	4952	4502	4360	9822	4412
1048876	4344	2387	6522	11727	1626	10127	9223	9429	1331	6280	830	8936	9537	1068	4247	1410	8017	6456	5658	625
1048917	11925	1674	10162	9521	2740	10917	11183	6022	4074	11302	5376	9466	6845	9906	2925	6136	11915	10852	4715	10974
786786	9715	7013	11960	4228	9512	10428	5590	5167	10420	2830	733	1341	10150	9864	3134	1298	1015	7319	527	5652
524699	5908	8093	9509	8317	7817	5983	10859	4280	5622	1822	10636	8366	1442	3076	7941	2241	3707	1859	1148	4138
1048995	3589	1818	10583	1945	9379	10280	11518	4637	9467	7716	2482	11543	4288	8606	7385	11220	3478	5874	1962	96
786857	618	7529	11043	7472	10262	8576	3090	3135	8884	3310	10861	1422	1960	9454	8851	8384	10570	7265	6133	8609
524722	2675	2846	3676	8367	803	3728	2327	4702	9472	11247	9992	9186	5997	8319	8964	6904	6234	5534	2384	6800
873886	8446	6364	3086	6751	10971	3765	9619	3079	8518	2818	5424	5467	4915	6641	6898	2304	985	7985	6481	484
524733	11827	7714	10186	1010	11761	7047	4562	8727	7542	4500	3178	9443	5445	483	7524	3917	11064	11315	10471	4046
786918	8566	5392	11313	10109	9259	9548	6461	2395	5269	10533	4855	6232	7201	9031	6314	5093	377	10300	6398	1586
786937	5990	11883	1396	10734	3852	8340	2301	7618	7606	5934	7227	5200	7318	8387	888	8890	1586	8036	489	5317
1049085	1120	9990	2093	700	7161	1463	4630	2492	10887	8376	10637	3235	6185	4990	7362	219	5213	6014	6502	9671
262232	9378	7207	9071	1508	1326	5643	6814	2147	3742	9682	1382	10337	9030	2839	3520	46	3456	6266	9064	6338
524835	11663	7415	6381	932	6361	1010	10383	4740	11493	11222	1925	9443	1661	1873	6597	5412	10534	10422	565	9634
524848	3253	6698	8354	841	1833	1732	879	11457	10773	3663	10620	6565	3175	4094	2472	2821	9035	8787	1134	3648
1049200	51	6541	3555	6766	594	8124	9905	2756	11270	7436	9954	7553	9172	222	7271	6370	7696	3973	11964	6394
1049221	4251	8411	4404	6538	1425	2689	11572	9613	10254	6827	8691	7386	3009	7039	7572	8824	1709	11328	4007	5498
1049329	5210	8029	7315	4984	2430	4255	7255	4760	10043	6305	9603	4751	6689	9141	1170	2779	2287	3150	2097	7163
1049368	6190	2731	4885	11155	7021	8708	6182	8587	3118	6287	9127	4969	7723	2552	7393	3439	11720	5838	3288	4260
787255	1736	3908	10614	4534	536	2747	9262	6547	10351	3503	7447	10808	7301	940	4690	10091	5099	9128	5999	2661
262974	1315	6579	11354	4495	9016	1963	2122	5707	6334	5842	10818	8560	4980	9604	11242	1631	5626	3328	7200	7215
1049456	3311	5427	3305	3270	1256	2554	1274	10067	1656	3870	10870	4898	10085	4660	4318	982	1826	7409	3762	4597
1049774	7784	256	4422	4210	10101	408	8666	8942	5891	4709	41	7434	3539	8690	3850	5740	11661	8407	3761	7107
525534	5002	409	11475	8378	1997	6558	11259	7270	8978	2224	9419	8783	7052	1262	2015	2942	10120	5466	9565	10844
1288	1203	703	4863	10354	2964	11503	10837	7247	6454	3856	2856	2045	1102	9531	829	341	6443	2794	1841	153
1049894	7451	10828	9339	1971	5084	10599	11342	10349	8920	2867	5764	10780	5788	720	10236	9607	302	11235	9219	8119
787784	11425	8772	5416	7937	149	868	5995	1250	4783	10795	10596	11405	10892	9956	10986	5876	10233	5065	8511	3820
1049955	8274	4022	2543	5833	7455	7758	9996	1895	1610	6130	2218	3966	6346	5336	3668	10875	4379	10771	1219	8614
1050007	7993	5084	11175	10349	8920	9683	9763	4707	5788	7567	720	11970	10236	1532	11671	1308	9607	302	595	1584
525779	1374	6971	499	11786	1506	4781	2168	7857	10905	10707	1501	5041	11622	11159	5347	2676	9369	8923	9754	3189
263670	1986	5248	11921	323	2946	10327	917	4904	7100	5522	4699	11149	1706	6115	4777	7679	4519	5930	3551	3269
811852	2291	5301	10728	9801	8620	11131	7634	1340	11330	4279	7056	2927	2434	11619	5670	856	4929	3143	11716	9635
1576	10968	9106	3487	1052	5289	7507	10103	11471	11239	2930	7854	11524	3954	1953	11511	3379	2449	7481	11715	10008
525868	361	11626	11604	1127	9437	11113	10333	8461	6029	7652	2253	11428	8887	5568	11803	4169	10227	8335	5532	5358
306105	11534	9658	3229	9050	3381	8054	11529	4674	3341	2755	6482	9654	5903	4799	313	8425	10548	6202	3299	11451
1050231	210	1958	6798	1391	6767	1445	5178	4733	3237	1595	6905	1807	2460	6206	485	7525	174	2102	11744	3156
1050253	3479	7993	22	7523	8920	5788	8528	1760	10725	720	11970	10236	9594	9607	302	2143	595	10417	3810	4719
526013	4732	8869	11563	4327	5774	7697	5765	6260	471	784	4583	11019	10714	8855	6028	4170	1643	5016	7960	10066
263889	5751	1283	6839	1429	254	3580	11631	4459	6643	5926	449	11350	450	877	8536	3041	4807	3406	3754	7133
788431	9109	8144	5163	3704	7137	3206	8368	9638	9196	2250	11288	5893	8636	1026	3141	2128	250	2235	1071	9775
264150	7165	11093	2062	3958	6849	9580	1594	10082	10237	1380	7682	10508	4622	7174	4010	8919	1130	7344	11112	9852
526331	1326	4535	9661	11687	9944	9079	6027	1972	2937	3440	3934	3464	1274	8595	5145	1144	5505	11358	6160	3106
788484	4756	2071	9073	9299	8944	7019	2501	6120	10927	5610	8870	10842	11659	4299	4257	7645	5663	5068	6915	3871
1050670	5620	9463	4859	3401	8239	7990	1740	6526	962	9232	6720	3866	5429	5091	3063	10001	9697	7873	3670	396
1050695	56	9875	5625	980	3159	740	7563	1662	7646	5524	5511	7849	421	8588	9690	11573	544	5771	10074	9334
264284	6105	6826	4234	2660	1406	8298	3795	6290	10809	883	9411	4361	7471	11445	2225	2487	11042	8393	5380	11593
1050747	1575	10114	4886	4394	8778	8224	45	3350	4269	4969	10511	7802	4585	11750	4719	9238	3769	6917	11742	4722
1050778	1386	4873	3397	2558	4002	2092	8982	10447	190	6665	7678	2540	1857	5864	1202	5314	7865	7551	7852	9446
2235	2021	9167	10998	3217	6568	7999	1123	8401	7276	11025	144	10151	4253	1529	1684	1909	8546	3659	11911	9018
264410	9539	7425	3181	3923	8047	6603	4603	4353	5363	6914	3662	4204	1346	1970	4088	2255	5406	7934	6300	7492
788702	7045	9145	10574	843	11387	11625	4397	1196	5596	8342	7877	11414	7422	1074	4331	8876	2011	6327	5985	5518
1050857	7035	1935	9484	7083	8758	1027	4860	11385	3210	10952	9789	226	10293	7846	1001	5608	4053	10511	8699	11750
437291	9067	5551	11928	7087	2494	6414	142	6366	2402	6038	6877	11842	8156	9786	10675	5790	3911	1955	8775	6161
1050923	3789	7428	11141	9404	7555	11936	9624	6604	9300	2265	628	8270	8290	5680	10930	7026	8555	9575	7029	2096
526671	693	10426	8320	7350	554	4646	8593	5825	6415	9185	6042	6968	3700	2976	9936	1271	714	9448	6013	10611
264594	668	10684	10342	7221	3527	7587	3657	7585	10642	5846	4869	4037	10299	8730	2712	4184	474	8679	1290	6281
830531	154	10941	3782	1270	2592	1809	5261	7604	11526	3039	9650	11685	2836	11465	1215	11052	1998	11118	5607	2277
1051095	9674	7657	1583	8344	563	9295	8500	10626	11893	10511	11750	4719	11447	9238	3769	6917	74	7233	4722	4844
1051108	2650	1028	5968	11001	8549	1320	11190	9807	11072	11607	3429	4283	8739	3764	7765	6222	8762	10787	7017	6085
1051112	8187	10364	429	10507	3534	8642	10115	1977	2567	3532	10014	6238	5777	6477	10240	7739	10068	9685	5483	1968
789037	5682	671	9564	9360	10923	10116	8349	4263	5865	1716	1961	1022	4044	6323	10623	3577	10289	3097	7726	1404
1051211	3846	3080	9558	4054	9040	7815	9933	4381	9892	4661	9900	11855	11443	7155	6255	5557	3533	11533	3287	6183
1051214	10851	4810	3073	6998	3458	7479	6118	8939	5520	4291	7947	5270	1226	5203	2324	9469	2164	8225	9362	8714
1051223	399	4748	6857	2242	9887	6617	1204	199	11668	6291	5900	9110	5913	8459	3238	6770	20	7211	6472	3042
1051257	10275	6258	473	2026	2715	5209	8302	8584	7878	10192	7962	5324	10036	1894	10226	7805	5166	7951	3910	8357
264827	8330	651	5248	7845	7100	1797	7679	2155	1569	3113	6141	3931	10321	7230	9859	235	1332	8582	7689	4638
526984	11299	475	5961	3471	181	8193	3172	3509	11772	2653	10002	3702	8039	9108	6401	463	6403	2195	9142	10234
1051279	10172	3727	786	9831	6706	7982	4160	3264	11281	2627	3359	2593	4431	5260	4254	1976	5720	4616	3853	2125
1051285	10176	7368	4851	7900	7034	11460	1592	3426	3326	7517	8399	7014	6614	7480	1116	1852	5131	1439	10785	6832
1051307	8984	5791	9243	3208	3839	5644	7395	1670	8631	9315	2281	7181	6319	398	8199	330	6553	1680	8540	2284
1051339	4845	2475	8740	4003	4724	2982	7395	1670	9646	6941	6836	774	1675	10013	2251	9872	6360	2185	4753	10222
1051352	11355	6933	5472	2778	5744	1688	593	5195	3129	9610	1254	10331	2696	369	9237	2557	4542	6506	11264	5262
1051372	1140	1312	9174	9860	3706	6292	6272	8894	6259	3859	8041	6097	6193	4243	1832	4036	7320	9284	9868	3200
2798	5565	11383	9307	3171	1362	11005	7503	646	10341	8718	818	3169	88	552	7920	65	7761	694	6686	10400
1051422	11265	1448	3709	8684	6828	7582	2918	4659	1634	778	7972	2903	1658	7303	7969	5128	2833	11627	8312	7267
789292	3016	10156	7002	7248	10311	4734	5923	11248	304	1923	6284	7794	6143	9691	10251	5850	11728	4032	3293	8581
1051475	9505	3818	10276	576	7546	715	10893	7108	1816	1667	9514	10525	5845	1466	223	8077	11028	5785	342	2321
789332	4362	1276	2514	7593	1383	4252	1652	1460	9333	6999	10944	10367	2841	5143	2341	11745	4672	4265	4938	11095
1051520	8143	744	9627	10979	643	8275	1468	10427	7084	5962	5645	9481	5812	11764	5072	8108	5475	8364	2478	6777
1051530	5144	1530	5754	6863	9121	9280	6520	11836	2881	6972	9468	11941	6353	8090	9381	10362	9482	7299	5723	1343
2962	2511	11402	4964	1836	3515	10056	519	4590	6213	965	5420	8693	8469	11448	11420	7199	582	7259	6551	10715
1051571	9337	1605	7162	4792	9342	11156	5224	10200	11955	633	2378	2966	7145	6936	8912	3470	8019	5817	1938	1702
961705	4115	11094	8240	6123	667	3432	8296	4713	2338	2196	447	8508	5202	7623	11595	4246	874	5137	8244	6822
1038859	9976	9273	4846	13	2233	4506	757	9072	11076	7540	1942	2857	8829	10505	7560	4354	7822	8497	5722	11540
1091234	8937	505	2211	2100	1278	6172	6680	5731	10475	8653	9811	4747	10286	6923	5527	1600	3168	8353	8194	5180
1051723	4530	889	8055	11773	11643	11200	9149	1944	7275	6869	4524	6945	5214	2783	5904	7910	11851	2921	1825	2633
1051755	8992	3862	6087	5599	2192	5671	7463	11585	7	2910	2835	10353	10925	10572	8208	1772	11893	10511	1279	11750
527568	3619	10577	1696	799	6348	3441	6357	11006	57	6341	2812	2433	7246	3817	2059	8297	9970	5060	385	8559
1051886	6830	3286	4552	281	2784	7382	4127	5649	10718	11479	9295	10511	11750	4719	11447	4498	3769	6917	7873	6051
1051902	5290	3461	9880	1747	8751	2124	7914	2978	7245	8018	3108	7708	8991	5206	1752	10972	131	4577	6703	845
527625	8071	9052	2132	6806	1848	8906	8728	11869	2086	1107	1013	3310	9134	291	8063	9347	5548	531	11644	3035
1051942	1863	8577	3729	481	1544	6432	2194	5168	6990	5654	10938	11680	5882	9686	4820	2970	6343	8159	8885	3387
1051943	2892	524	2075	11567	5916	6765	370	431	10827	9119	5495	6376	5074	155	3316	10536	2381	4619	9168	10775
527769	6274	7424	7694	9986	2532	10920	5346	6852	6930	10724	9920	7989	8015	3872	3894	2476	5414	8278	9496	10641
1052115	47	8394	3473	4571	11164	1665	258	2994	4618	5755	7166	990	5063	847	9124	3733	2737	7819	11319	3145
527853	326	8201	3692	4831	6503	2718	785	1474	5395	10410	11609	657	1606	6277	7797	1556	5345	10328	2595	11812
265729	5212	1372	6117	2418	1730	9272	1121	2947	378	7413	11561	8213	5586	3724	5837	5957	11325	6815	2091	5191
790059	9985	8087	4610	1456	547	10486	6430	9802	11655	7115	8639	10629	5801	8105	8440	755	901	6034	7186	2717
1052274	7642	7236	9931	339	7609	5496	9865	2845	5079	6336	11962	1457	3197	8784	5697	10726	10111	3632	872	3916
790178	765	6864	908	3001	3380	1444	7750	5967	6303	9351	8521	2473	6092	6490	617	4837	3735	3480	10027	11495
265960	4499	10710	10272	3994	3849	9101	6393	8062	5796	9163	11268	11337	7986	9722	10990	11778	3928	9010	923	10084
528117	3317	2688	5749	7828	3003	3280	8185	3209	3953	4369	9716	6901	6834	9185	11946	3345	1697	2027	5223	188
1052421	9998	8599	1327	7997	5133	345	5402	8343	11879	7906	2832	3438	9087	907	5183	7223	4981	6958	10	7541
1052427	8157	6217	7774	8065	4947	3633	11605	4496	5129	9198	11879	3880	10165	7394	5318	2160	5653	7105	11697	4429
838116	5872	8163	4859	6910	5020	435	7521	4896	1964	5555	5257	7919	4835	4789	10871	6447	4723	3715	5970	1625
1052563	9256	11210	9787	8212	8139	10846	10147	10359	1402	6400	3102	4651	10451	11696	10294	1607	9538	5306	11845	6615
1052585	5502	873	3450	6306	11120	4076	2842	11187	9037	934	10696	2985	4566	6607	9286	2752	245	1222	6666	2318
1091264	5116	9393	3893	285	6049	10022	4909	10283	9903	9632	5982	4620	5843	5582	2197	8180	1912	2106	2820	8358
1052640	4600	7764	1518	508	8875	11504	5102	7189	243	8598	11406	1249	11522	11049	11484	2786	136	5716	11193	1621
830812	6870	3137	2394	7460	2111	4767	11570	3855	3737	3482	2507	1993	11598	7260	4625	2804	3622	3335	1111	102
1052717	11192	1654	139	3816	35	5827	10680	2701	11878	3192	4539	9356	10677	3904	10125	10551	1676	9526	1213	10969
1005595	9249	2854	3989	3645	8776	6627	9835	972	6883	8209	9572	5485	8561	9636	9098	317	2789	11124	4122	7902
1052948	11384	11682	7304	10393	4366	10727	1723	7987	3522	8286	2951	2631	10374	4453	5304	549	2439	10815	5305	170
568709	11275	6493	470	3584	3420	3784	299	11436	809	4094	670	7943	11061	8530	2732	9938	10053	3625	7380	10487
1052965	3914	696	337	10339	9062	5747	7574	4916	8856	2585	1505	7917	8155	919	10453	6235	1761	5811	11915	10009
1052985	6105	532	10743	11891	8489	1220	655	7773	2036	6486	4190	7926	1685	832	11415	6335	1202	7286	4882	9224
528760	3463	2513	4540	8489	3734	11868	6515	4190	7926	4903	10843	4464	6473	5098	143	6835	7286	2793	3685	1959
1053111	1234	6899	3505	943	9304	6885	5282	5911	4295	7203	244	10338	6855	3906	423	5222	1943	9923	10312	8812
528841	2521	11472	10673	2145	9492	8985	10023	10117	6737	7397	281	2716	8121	4075	4828	8375	4127	4686	4048	10646
525047	1896	7547	4081	8834	9778	6347	11954	3867	7898	73	780	43	1098	3294	7327	3881	33	6476	8486	4155
266760	2495	3898	10902	2885	9153	11690	7538	7376	960	5570	4009	10695	6539	10879	6496	10144	7615	3774	9314	4742
1053219	878	7870	1112	7770	4163	10983	2217	11583	7124	6396	371	8174	7204	10541	8780	6907	5497	4543	5330	6225
1053253	6750	11556	3207	5398	6188	11050	4570	6294	21	29	8402	6982	11462	99	597	6528	7498	3369	9199	11701
4696	6868	10372	9945	6337	1113	315	9456	7167	7869	7429	6413	11611	11807	5996	10765	11594	1755	8763	9780	8996
791140	10496	2119	10748	133	598	3878	5458	10757	1023	4417	8103	8814	3088	11806	6446	1645	2117	8611	1748	2101
266920	4557	4273	1392	1124	4248	525	343	10378	9898	4200	7787	9502	6261	7610	4559	1281	6072	854	4150	10442
791223	4448	9944	6796	3675	2512	1446	279	10996	1274	1091	1660	1361	4848	6578	9651	5750	488	623	8372	530
529090	4654	7254	6484	6296	1677	537	4832	17	8960	1313	9871	8307	4245	11243	428	9278	6650	9508	11823	5851
267012	1542	10096	3094	3216	6590	5034	7892	6148	1679	4691	11087	11143	7112	9841	9918	9032	3646	6497	8913	4297
529230	1084	4971	8022	11713	5746	2112	11410	5082	5896	4332	9747	7889	468	5656	4892	5866	4357	4887	5818	6692
4947	1488	1369	5554	4022	4409	727	1927	11947	5833	9118	2745	11290	1610	10761	1451	2775	8972	8508	4379	8285
1053611	10813	9759	6802	2572	6224	6282	2610	5708	1190	5573	9388	1094	3830	6981	1547	6315	5154	8579	10593	5171
830973	6870	3137	2394	7460	2111	10918	4767	11570	3855	3737	3482	2507	11598	7260	4625	2804	3622	3335	1111	102
1053716	9760	10160	5021	3972	2463	771	4842	2573	7705	8850	8251	10405	11375	6871	998	3024	4314	10975	5018	4258
568841	11579	1172	9730	2884	6683	4369	1195	4507	1613	3364	1491	9006	1000	8035	3955	5251	2306	6718	3153	9963
267341	8444	5910	85	6908	9038	11167	3466	1235	5579	7241	9048	5172	991	2056	5478	9706	11395	261	3686	3687
1053896	6178	10184	7071	10605	2980	7867	7890	3370	4196	9085	4161	9664	9579	6321	2524	63	1453	407	6754	1524
1053901	3576	6020	1179	2351	3753	4069	9677	7732	2088	7461	2098	6195	419	11969	5033	3723	7336	10768	3353	1707
1053931	973	11931	5221	3766	2077	8347	924	723	11084	6382	8503	4017	5814	1701	6001	6417	10584	10398	8580	11777
1053992	10075	2827	8488	735	2763	1539	6293	9694	11729	7053	2678	3158	6847	3688	5100	10630	189	2911	4847	815
1053997	11272	10670	4278	7833	4482	1198	5958	5440	8339	113	3395	8231	6577	1168	9949	8419	4346	4202	10248	1884
267566	11168	10608	2977	3845	4697	1356	7499	11463	9727	9577	2667	8881	10247	89	1434	9289	7775	9042	8323	3747
791862	634	9858	332	101	10490	4864	3684	7384	9666	8764	5205	7543	8216	1306	6299	7573	503	2534	9997	1948
1054023	3897	8429	292	3618	6956	7268	11289	9239	3334	10175	11756	7631	3843	6636	3710	11951	4442	1205	10526	9599
791916	9560	10853	2	8202	5830	11737	3946	1481	583	11974	4745	7785	6514	724	3392	4298	11837	4876	9021	7860
568895	9755	4689	3802	8768	11310	11153	1034	10046	1900	2868	6119	7214	1588	8432	1851	2270	4478	1903	6455	11843
267644	47	10096	7669	7691	3216	1008	2358	7112	8134	8589	3868	266	10485	4582	11364	4297	10011	11323	4784	4324
918424	8938	3528	7904	10649	8043	4908	6056	186	4391	10218	8520	7718	9559	2916	3142	2652	1065	5394	6544	10922
1054186	3234	7942	9891	3969	6537	11184	8276	7781	5982	10365	6467	3967	8974	9937	10346	6788	8838	8492	4137	10792
1054189	1492	4028	9546	1104	8955	6233	3961	953	3147	10588	8676	11763	5379	8253	1877	3599	4219	7841	348	6390
529918	6083	10942	2488	3912	9971	1350	4390	9493	11452	10076	5279	5240	5110	10491	1156	2866	698	8494	6325	1981
1054328	1882	638	3719	7500	7722	1695	11665	1945	5350	1351	578	7263	6440	8565	7011	5077	10692	1663	9911	2220
792187	268	11747	11316	4317	6457	2569	10249	11929	1686	9705	10133	2798	7719	4358	9813	3124	10597	5924	11116	8152
1054339	3508	927	4589	6164	1868	5461	9090	5681	10552	7837	9486	2144	10754	10591	5732	7109	4560	7277	5986	10980
1093231	11860	4993	1636	5451	3809	8732	8018	1854	9761	8241	325	3178	9357	11469	11912	2391	6437	6564	5280	4948
1054438	1431	5476	10834	7675	11584	465	828	8731	2252	9999	8268	8803	10598	8227	11738	7426	9612	7830	2959	8050
1054450	2896	3609	978	6128	790	11519	3449	8109	1473	4840	8097	158	5322	3104	3831	4919	9053	1704	7097	1849
1054451	9465	11789	2816	1048	10855	8262	8916	4079	4315	10650	2869	11602	9601	10878	6949	8831	3164	3246	3228	1759
1054468	9833	9616	2332	3948	7621	8433	10829	11798	10243	334	2906	6458	2457	3193	7793	11426	4168	10392	6254	10549
5925	9728	5021	9490	9886	9084	9708	5867	9045	11020	6943	9014	6047	2703	5037	3444	5948	6311	9024	9083	7399
44686	2605	6833	3263	10004	7980	2330	1568	758	9584	2140	6749	10569	9983	1019	4754	1064	9745	7361	4985	6391
1054593	2850	11031	3826	10904	5303	5955	3679	6110	3052	1200	705	4935	5441	2844	5487	8397	3895	8646	2333	165
1054610	11206	8167	10445	7959	11648	5667	4222	10405	629	4223	3320	11375	10409	427	4199	10435	1485	3716	10460	10911
1091163	3284	6762	7936	11098	11686	9916	1164	5538	249	6724	1720	6470	7670	7544	8929	10274	4388	4620	599	10006
1054707	10738	9162	49	10423	5954	5726	9200	6550	10981	2295	11403	627	6245	5067	9598	4449	3927	4726	227	7437
792595	10143	4447	833	6516	6756	4567	11453	5662	7306	571	2074	3075	8709	6494	776	7988	11944	8304	3925	2013
6217	665	9924	2639	5344	9114	11432	1201	5674	7151	7501	10910	4826	4692	8777	11926	11817	2340	3403	4042	6463
1091337	2470	4410	8765	6821	3875	10755	1571	1042	7431	8032	3361	8040	8627	5927	2108	6589	3561	8853	11341	126
530572	3008	539	7000	10357	7912	9684	2334	2800	4492	9102	166	196	2677	8724	4264	6831	11077	8191	1504	1764
792742	9179	3993	5473	8321	5558	11618	6004	8431	7880	9384	3148	2198	3552	7076	5531	79	4008	5943	5291	10030
530601	2498	7650	6374	11687	7496	7968	11123	1377	441	2709	548	4101	11060	8003	4642	300	2474	6605	9277	3574
1054923	3309	1882	3329	9812	4405	4503	3064	8771	4128	10479	759	1657	6634	5942	9395	3519	9740	7234	10621	11679
1054958	11134	9133	4512	5051	896	3092	1629	3976	10782	8819	8883	10814	5737	1949	11590	4025	8854	5278	1389	4164
1054969	11287	10600	8413	10318	11905	3256	2493	8116	6109	5504	6554	10704	761	7662	11629	1711	6122	10841	4645	1174
792847	8479	975	11682	4038	10391	10615	4419	10895	3485	5602	10821	5152	1855	9413	5444	454	128	10238	9961	9827
1054999	10163	4717	2261	10817	8796	7838	10384	4333	11732	8308	5493	6514	2200	8525	4584	9021	1083	7312	5360	560
1055125	4850	2666	2004	4418	3807	4675	8832	6728	7302	6257	1798	2853	8632	10205	8543	5806	11322	8130	10720	11828
1055176	494	5083	4576	8795	9158	11706	7156	1947	910	11709	8422	7467	4818	2651	586	1232	1063	10389	958	9549
1055197	246	6848	9348	6935	1640	5588	7975	5334	5448	3279	1627	9405	2127	4236	11331	2175	1246	4508	882	3731
1055351	2827	10903	1647	6293	9694	4737	2981	8725	4766	9614	3582	2437	1550	9210	10857	2721	2644	11283	430	137
531142	5715	2584	3890	7331	10607	2764	11810	605	9520	7148	10644	3863	3074	7562	58	3540	6691	7772	8346	2645
1091360	6856	4191	4833	2728	5265	6146	4533	5989	7674	11099	66	3218	8256	379	7955	11757	1995	9843	3529	1890
1055505	7936	9672	414	4675	11686	2690	249	8668	3447	4057	6470	8929	10274	846	11654	9105	9515	599	10006	1637
793475	2634	8685	8299	364	2520	4629	2212	2254	10017	6722	5298	5308	824	10055	5292	1582	8075	6925	8683	1810
831302	6870	3137	2394	7460	2111	11570	3855	6784	3737	3482	7260	899	4625	3622	3335	1111	11177	5080	2012	5076
242713	6016	1479	10840	800	2738	1147	6483	2847	7624	890	9160	10836	10187	9856	1578	10665	86	7831	819	26
1055717	7272	6678	8905	4704	6849	6344	365	10088	9274	7091	4584	4976	3538	4894	8623	3901	3448	6635	3985	10638
531490	2189	4387	5095	4741	10891	6807	3371	94	9444	9472	328	661	10906	7031	9251	9798	5151	7030	5561	5069
1215	11831	11303	6681	10555	8748	7799	7512	4516	4041	7366	10576	3177	4680	6932	3146	1691	2549	5246	8386	706
1055889	8712	7496	9389	630	7337	9816	4101	4972	8538	1718	500	814	7676	3793	401	5848	9503	8122	1792	4668
1093487	9714	11422	6203	4374	6252	10544	1699	5769	10876	9704	6386	6562	5540	10711	10835	10912	3091	11805	9790	4229
1055940	1614	8951	4050	11889	11423	6653	3186	8313	6764	402	6204	4235	8756	9155	5623	6174	8442	11438	10791	4403
531676	938	9245	9291	3257	10729	9836	10880	4523	3674	5702	7096	1974	4177	8959	11013	5920	6521	5017	2452	2201
1056057	5510	2876	3977	6302	2591	2408	9692	11819	3333	11719	1085	11531	9867	4319	10472	27	11938	8785	11345	7086
1056060	10282	11924	11128	8630	1447	3655	8628	10382	11581	6079	3560	8474	10668	11864	5370	5619	9806	9240	6797	7092
831380	1535	834	82	422	4287	10094	9366	5883	11476	11796	6892	2068	2286	1630	5148	3278	3587	11664	6402	2967
1056211	7936	11686	249	6470	7670	8929	10274	4620	2197	4817	9639	6199	599	10006	1637	496	3909	8804	1531	9764
1056265	9011	9414	7804	2643	87	11873	1785	10781	5705	7922	31	9036	3112	10134	1937	3990	1633	11949	977	11520
307118	4220	6316	9617	3434	2050	6581	1756	492	5253	8570	838	6435	7671	3493	6732	11430	11527	193	9394	8110
1056303	1419	1880	8625	9390	2049	1958	725	8660	11307	3933	3606	2480	3585	2265	3321	8270	1133	10320	2423	7005
166111	4398	2617	11007	6250	1628	2396	553	8817	7470	8586	6687	9629	8100	6285	150	3166	8164	4895	6162	2902
1056420	8602	7182	3057	9478	7913	9477	453	1724	3986	5232	7579	9561	217	10198	9739	4271	4669	3182	3047	4147
1056437	2109	3507	11537	2679	5028	5486	610	996	8491	1534	6054	2607	2326	9154	1934	8337	10468	8176	4769	5862
1056482	8095	7600	3611	10660	11646	9368	6244	974	6434	5035	1011	7977	8654	4347	4284	3365	1225	3689	9364	2152
7968	9017	10474	3545	577	265	8113	11635	9408	9854	9709	2710	4606	8857	11535	10492	2848	71	11675	3683	10387
1056548	4530	8591	11640	7786	6063	11200	9149	388	10575	4524	5214	5727	2442	1540	9190	10966	10915	10455	7910	11851
270140	5446	6384	835	6332	2664	9621	52	6648	4949	6179	4200	3122	7009	9647	2594	10196	6621	11939	8563	1819
1056580	1493	10766	8355	8835	1354	11392	1125	2003	10845	795	3128	10568	7116	7023	7810	5981	7625	7673	6693	5187
794469	3069	6215	7944	3809	2989	3495	4643	10872	7812	10601	10112	9353	9450	5426	863	10297	681	9047	3336	7187
1056644	4187	494	2765	4790	8085	8030	4095	4185	6326	6697	9415	8454	9908	5878	6373	7751	7713	6328	7834	7074
1056726	5776	7377	8656	550	83	1688	11338	7991	6263	1969	6571	10825	8220	4542	6506	793	787	7932	1603	8557
1056758	5783	3348	5369	8128	1510	147	6082	4785	2704	3066	1328	10207	2028	7274	5071	3402	3318	5519	11560	3607
794625	11412	5126	5389	7046	5169	3624	10170	5343	7829	3081	5216	3654	1469	4013	3940	2172	10604	7946	7316	1638
525660	585	10945	1375	654	6598	9943	1199	5761	54	7814	6422	2345	3695	11865	8448	5598	7406	9191	746	8634
1100134	4066	6775	1171	9026	1737	1775	3945	403	6623	7439	1791	8115	8847	11301	1804	7978	4472	7665	726	1255
1056850	6	1991	10430	1609	11656	6214	8648	8839	2601	5685	1381	8874	7285	2905	8383	38	5831	5672	10832	4554
270422	1537	4430	4550	6989	9879	2774	11178	11913	11653	4738	8434	3425	7510	1793	19	18	5696	6145	2042	1729
1056950	3660	1303	2917	8863	70	4377	11456	8173	7712	11694	3355	10268	5084	10034	3801	10459	10349	8920	4968	9808
270520	7853	4821	4881	8907	10691	2551	197	5138	9007	351	10373	7963	8417	8403	5393	10867	1686	1155	9189	4797
270521	2320	1475	2505	1779	4881	11894	2170	3526	6362	10913	7734	6237	5393	23	9296	7862	10721	11433	2171	10090
1057015	11634	3617	3082	9440	8261	1576	6267	5679	5411	3883	501	2393	5525	3098	8846	3247	3201	779	6542	805
270603	8201	3692	4831	2346	8118	3535	5245	7806	5323	1758	5309	10940	8858	11278	11525	2240	9103	11138	11002	1606
794893	8362	2637	9504	7400	3825	1045	8190	3295	179	1726	11508	4435	8059	4067	5600	6876	5694	6048	7608	4083
270642	11712	7700	1426	411	2935	11071	7768	5000	4367	7164	129	10418	5963	6385	1378	4375	8506	6978	9104	7957
1057098	2419	5852	6927	5977	5673	591	3417	11454	3942	9614	5340	7569	1593	7825	7157	10483	11089	7308	6039	2913
1057112	3570	8350	8014	5150	9921	11693	6129	6969	6230	9091	6077	11649	11399	6127	11624	7823	383	3690	6358	11169
1057139	4152	6853	7450	4105	6173	9365	11695	3060	4136	699	2237	8610	5413	4584	6635	2754	6748	452	5613	10638
1057168	5179	606	6099	4804	10747	4711	10515	138	4934	10142	11411	920	7212	691	10799	10315	6036	9788	8841	4475
1057251	11386	3053	1843	590	3089	9092	11203	4517	2725	9453	10786	7347	3536	10069	4051	9929	2496	4021	8988	3157
1057270	11748	5946	10437	6684	3582	6106	7584	9557	146	2353	8830	11156	5854	5950	5617	8470	5224	10200	9717	2966
88831	3268	3556	472	2518	3861	921	11234	11961	3554	3699	3259	2782	902	5097	11906	2260	6785	6031	5624	4967
8714	4743	1651	2002	5256	5474	9350	7208	6903	11166	9184	11897	1999	2257	8114	6893	4282	6436	3838	10604	2883
1057334	55	10793	4486	9769	7591	9893	4874	93	1564	8012	7403	5605	3643	965	10746	2548	2908	884	10267	2680
533105	6870	3137	2394	7460	2111	4767	11570	3855	3737	3482	2507	11598	7260	4625	2804	3622	3335	1111	102	11177
8854	4970	3231	2369	8574	4039	4656	2063	6611	6005	2506	1316	6729	7754	9225	3330	2659	623	9316	8180	1050
1057446	10160	456	11206	3972	4842	7705	4518	979	11597	1135	10405	1765	6845	2023	11375	6871	998	3024	4314	2590
1057476	11176	2955	4834	1150	5887	2032	10602	4043	3163	3034	8688	3185	3130	3500	11075	10686	1827	6606	3951	3828
1057488	3665	3641	4171	4205	6468	5169	5215	10489	8049	950	1766	2790	11170	9180	9698	2249	5810	10024	2095	2984
1057539	5763	4602	8659	8836	8622	1673	4586	10168	6745	1293	839	7933	9570	8626	7992	3474	11553	5921	788	5026
569473	3023	9910	564	2258	3860	4097	297	7886	589	1309	2331	7612	1487	7749	4396	9834	209	3059	9293	10800
1057656	2851	2522	3462	8215	10970	9138	7328	6586	7253	9226	8288	11366	6062	3015	9675	11717	1289	3730	1180	8822
9083	4786	6850	796	3101	9776	3274	6383	9385	3788	218	690	10609	8322	10136	2203	282	1513	9723	3224	10277
533398	4505	9373	5819	1739	2990	497	10854	6209	5354	10585	7448	4853	349	3144	10992	5925	7258	2432	10535	9215
1057708	394	10674	5577	3115	6559	9795	10119	6469	10469	10128	9205	3881	3019	2807	8490	7405	954	11776	1653	10826
569507	11556	11279	11883	11528	5641	1411	3626	672	5061	1590	9321	7897	753	1682	3275	579	6584	11852	9555	10953
1057757	4923	9701	11208	6980	8127	11336	11284	10178	3639	9416	296	4460	9374	7639	4118	5553	5385	5797	3100	8710
1057937	7685	198	7423	10957	5285	10749	6811	3627	1405	4062	10057	2029	2799	11257	5115	2922	1398	6345	2695	9673
1057996	6793	10416	1901	7121	7692	3261	4130	926	10739	11711	10012	10538	6449	384	6168	1075	4764	6843	5668	7601
9454	5959	7188	8553	4973	5899	6381	6425	2377	1010	1240	1087	10273	6572	1280	5320	10885	7680	6782	7466	10776
1058036	3963	5604	7432	10259	1787	2596	7935	2785	2103	10394	3116	10269	1992	8677	880	1307	5103	9530	9947	10862
1058100	439	8126	7894	5587	11662	10943	718	9002	5677	6104	10886	3221	5542	11790	749	10402	9438	7875	8741	286
795991	9169	2126	1482	2761	1194	10396	2882	6512	10005	8736	1883	11053	10197	8381	319	9012	7131	10438	6721	3409
1058140	7894	406	9462	6246	5677	10235	6841	4345	7326	9247	849	10484	10155	5464	10999	5753	6241	7202	1086	4772
1058141	7743	6730	1077	10690	11532	8188	3356	8977	1324	6601	1416	2861	2401	3285	2621	659	10736	5409	11497	4120
1058142	7484	10077	7710	358	1221	9323	1788	2580	548	312	4986	7891	9487	7389	11429	11767	936	1117	7863	989
1058165	1773	2178	2914	4951	1062	242	4628	11018	8504	4827	11419	3265	9518	720	2814	4871	1911	4866	7550	4794
1058182	9459	8111	2297	1778	10493	8534	252	6125	215	8046	7419	10513	3494	3250	2179	10099	1829	8545	11022	7110
794665	11483	11393	8045	4556	44	11658	7128	4879	132	8952	3173	9213	7647	6399	7651	4140	10664	8348	8074	9571
1058271	2243	10633	11500	3266	3000	7858	9543	9713	8703	8132	5840	5228	10219	8423	6976	1525	6664	9530	948	2624
1058325	956	9343	9076	10065	9576	11382	9653	4982	9164	3616	7493	1237	5118	5436	8979	1041	7205	9532	2266	6556
1058415	7894	2936	886	4047	5677	4925	6000	5250	11834	7139	741	2801	9403	3918	2149	10999	1727	5177	8481	8509
1058442	3008	9588	11111	11494	11909	1521	7589	6508	6743	4385	9094	9474	10340	10687	6491	8997	732	6950	2632	600
1058470	4667	7134	4988	11754	11633	6043	11346	6639	10926	895	853	2615	4594	2965	4648	1548	8414	5468	2720	6438
272075	2048	7129	3949	3087	3325	1228	7177	764	5342	11173	8289	8617	7729	3483	308	3892	2674	8136	1507	4414
831784	1089	9749	9445	1056	8099	368	2033	6151	10429	7599	10060	3604	8986	6453	1161	7154	8379	11078	9253	3176
534305	7536	9519	2312	6580	8644	5770	5533	7844	10712	6462	5377	8806	2005	3777	8150	6340	7072	827	581	619
1058601	10884	6531	7930	6500	616	2448	5049	4343	6091	8797	4578	6185	11632	8880	9428	6014	11026	284	4088	9643
1058604	3781	10783	4206	1635	11541	3463	5628	1352	11296	10045	7418	10058	1557	1268	104	2445	7342	7711	1812	5773
569674	6741	11932	11731	9814	6191	7779	10210	5161	3649	10669	9260	3131	5650	7314	5931	9375	8452	5756	10323	4773
220151	1057	215	10397	9656	1242	247	9589	8738	10016	389	1137	3936	15	8933	9818	3811	8172	11090	1263	121
10205	10408	9851	6859	631	5341	207	2094	5046	3170	9485	566	6582	11407	8940	5071	4657	7153	1983	8664	604
1058792	1649	8433	4352	4207	2411	7098	8120	3768	11036	7372	6450	11065	4055	7810	2202	7515	5297	10549	9567	5945
1058822	5218	1291	9927	10386	3718	7511	10083	4905	9359	1924	7916	5407	8766	9004	6507	751	10999	11085	7238	683
10276	6824	6585	7961	11466	2158	3314	2450	5366	2325	7534	2215	5585	1797	9642	10894	620	2823	1725	3595	5826
1058885	11638	9748	3021	10360	10801	1502	3725	9475	7518	2294	8226	916	8779	2622	7727	5603	7370	6270	10139	10310
10312	11663	7415	6381	932	6361	1010	10383	4740	11493	11222	1925	9443	1661	1873	6597	5412	10534	10422	565	9634
534617	11663	7415	6381	932	6361	1010	10383	4740	11493	11222	1925	9443	3537	7522	1661	1873	6597	5412	10422	565
272500	47	10096	11152	7691	3216	678	11197	2358	9817	2072	7112	11209	8589	3868	6256	9305	4297	5457	4415	5277
1058952	966	2671	6276	2971	8828	5951	2795	3490	3750	8435	6474	11521	2934	4889	9770	10199	3628	8696	6489	4644
1058978	1745	7894	2484	502	10580	6427	1397	10514	2314	5361	10377	10093	67	10208	4591	3496	2481	3601	3296	10465
1059045	7782	2948	8305	10270	7453	9325	8618	8667	567	11673	1282	1934	6740	5198	3125	880	8897	4801	5592	559
1059077	3619	434	1261	3617	6595	1365	540	7392	10713	9335	5991	8198	4382	7059	10601	5574	862	2397	1762	8465
1094039	4406	4352	2389	9436	10917	9893	1032	3391	1811	9712	9312	8012	2545	2299	1692	7887	7659	3643	467	11566
534941	2141	1693	7594	2142	9511	6734	10157	6342	4061	5855	7149	9230	2365	110	4023	11334	4442	259	5798	8567
272815	10840	2138	1147	2847	7494	169	6799	5112	9160	11137	1578	5516	86	26	6367	11388	11327	4761	1257	7251
1059253	6350	2313	5584	10304	1615	9452	11636	11211	573	4779	10949	59	1979	10628	6875	5193	8541	2509	3656	6771
1059287	10946	5583	8975	979	10336	4116	10203	4132	729	4313	6025	10035	9176	3959	1012	5162	6529	6738	404	7195
1059420	2705	766	11853	4402	10840	9203	3389	3045	9837	10652	10794	2923	7548	1814	2706	6098	10500	5835	9401	6799
1059421	10948	9313	2975	9756	5956	4795	8142	2066	11117	6166	7351	5526	7720	6249	11874	10305	782	9934	7549	3947
535142	1149	9758	11684	2822	4285	3697	8456	10653	4259	1418	11324	6071	11826	4133	967	8351	4639	9055	459	8096
1059442	4290	7894	7243	3111	2742	1424	893	5677	10235	7147	4322	3255	7249	1223	8845	9268	5563	2336	2207	10999
273014	9302	2320	7078	5857	50	9078	2218	4302	7635	10721	4635	11297	9178	2357	11199	3581	10325	2762	140	3339
1059496	1715	3236	1335	5706	944	9060	5384	2076	10185	3022	10745	4227	5208	9420	9171	1066	1965	9054	2236	413
1059504	9005	7629	4441	8301	9092	9939	10228	2775	11746	9600	3046	10961	11202	6951	2691	6561	11180	264	11723	10519
11006	11147	1197	10806	204	6456	9184	1712	9828	4522	4237	1322	8236	6377	7222	9544	1053	3036	3941	1721	7564
1059601	8998	5459	7414	178	10578	11	4457	6667	10900	8427	5648	3991	3357	8385	2038	8328	8179	11484	11435	538
1059619	1946	11400	3067	5014	1227	11565	2538	7681	11516	6900	2413	9644	885	3752	205	8230	11943	9857	3281	9707
11050	2385	8993	1794	9866	922	3523	432	11945	8643	9370	4981	2409	2819	9796	5197	2803	6592	11854	2206	5640
1059646	4528	10241	4368	4811	5597	8793	1543	10935	10279	2221	4020	7813	4679	11353	5284	1746	2541	570	6636	10312
1059698	9265	2375	8770	3388	894	5647	11360	5572	3748	1347	9829	1292	1243	7169	8078	2462	5736	2768	11431	10963
11133	11339	6859	2414	3877	9729	111	9341	3013	11550	11802	2359	7068	3575	7300	11407	6970	711	584	8947	4657
1059801	3304	6663	11305	4899	2134	7537	8037	3331	4730	1258	2672	7438	11148	4664	6625	7586	2173	6694	4705	5877
273449	3717	6368	11811	4911	11901	8257	999	11097	906	9261	970	4727	225	2165	4729	6918	5501	6894	10322	3932
535599	4306	10173	510	3160	8915	6525	1598	7490	1622	6760	7474	1845	7658	2802	6753	1036	3220	6517	6243	6065
273481	9308	2051	6395	4098	10553	4725	8464	6216	2583	6964	10802	7266	225	1889	5275	9942	2687	5501	9065	3056
535627	11876	4662	11391	3240	1387	8999	1353	9988	354	1408	11586	8229	5404	8792	6591	8245	442	8688	1932	6198
273522	7042	2320	2611	6426	8117	1443	11894	6212	10316	2693	9995	11677	11562	10896	6380	7171	4178	10796	4302	8079
1059970	6307	9111	310	9618	10671	6736	3095	6695	1522	4143	4232	6371	7305	6626	9867	4319	11848	95	8004	3591
535743	1370	7136	3187	4588	1100	8009	4093	8455	10944	6916	4529	5143	5966	2811	11780	1509	7070	7855	6433	5804
1060039	9637	3083	8798	5928	4878	9881	309	8953	8539	6761	6439	10212	11105	2535	8133	7063	8175	1698	639	3864
1060040	10303	11861	11081	7513	4380	9430	2159	9001	4700	3960	5140	6369	5271	10651	4107	939	11774	7684	3888	2464
176677	3062	9027	1427	9233	864	7640	11122	5104	6545	4510	303	9139	8871	7297	9579	11139	11486	7488	2447	145
1094191	2613	4326	4483	7295	8480	1039	7545	4906	152	6527	6808	6372	5490	3583	4213	9711	3987	289	2193	5559
812190	11145	2787	1096	1984	2568	8601	11246	739	9075	5121	5693	1907	4808	653	842	6817	5546	3351	3612	10040
1060305	6135	7412	3225	5998	3605	11942	10706	6725	7048	10656	1046	1461	4798	6108	457	10448	7620	4983	5914	5631
1060342	5615	9206	8359	1081	1239	10772	9566	3180	9967	3415	9039	11044	2290	4485	10375	5119	6464	11198	10335	4413
1060391	1488	1369	5554	4022	4409	1927	11947	5833	2745	11290	1610	10761	1451	2775	8508	4379	8285	1219	4350	891
798253	2469	1471	2515	2322	8723	6010	915	7626	3543	3215	1774	11363	4710	8309	11106	8428	4311	9957	9182	9212
798284	9853	4941	1668	2669	3419	228	3889	57	9970	4176	7143	3018	9772	10324	5832	4172	7346	9241	9028	4468
1060462	5836	4682	10190	5869	772	7949	4698	8535	10688	5784	5240	6169	7832	686	808	2813	4612	5006	10830	9491
1094249	4553	2169	8994	1372	3315	4301	7427	6988	125	6602	3301	11083	1587	5633	9980	7077	6530	263	10682	9294
11913	5484	3196	2953	6037	10759	10788	7216	11569	5195	1969	8995	11875	3032	8064	8908	3504	9097	120	8557	8547
1060496	11073	4978	6207	1954	3749	11273	269	8467	2641	1808	11051	7882	2616	6926	2489	5043	7660	1129	2018	3913
274067	8098	9146	2897	1029	7130	1966	2686	5055	10847	9583	7357	3222	6661	11886	9220	3376	3373	4865	5316	2713
1060566	9066	5779	211	8962	3110	5905	10031	5310	7036	7686	2204	9019	5994	3902	4112	8891	5711	9896	11692	10245
274175	3524	2054	7616	10332	9022	1014	5571	6134	2636	7736	5434	6181	2556	6991	3312	11599	11670	6996	801	2428
1060616	4867	10209	10314	7237	6038	5678	10051	9204	3136	9901	353	11488	3971	2748	9107	6726	1644	6682	1871	677
1060623	6913	7065	6152	7158	7971	1496	11450	5181	4224	7580	8871	9993	4452	114	4608	8794	11226	4548	4640	1465
536480	1187	2511	8395	1181	1551	8371	8160	4416	7218	10290	8106	5381	10510	8888	10431	4072	10563	5922	4386	5488
1060795	9227	8148	6833	7980	2330	1906	10985	5858	758	7702	4665	9584	4770	11620	1019	6391	9309	4004	7360	2979
1006922	4551	5528	8471	10884	11030	6906	712	3738	5182	1176	3149	2099	6500	2448	2041	5120	8797	7701	2280	7656
570023	4073	3421	5449	1874	8859	10224	3396	9768	8170	10856	4201	4476	11126	9899	10858	9914	9668	6851	3308	9254
262280	6448	2670	949	1244	11103	5010	4746	679	10015	4296	509	3139	360	4931	6671	3456	1591	11029	5816	3760
1060868	390	5156	9425	2426	5481	9049	9667	8917	6794	10716	9736	10257	4525	7923	2574	6242	10265	10253	4676	1277
1060881	3460	6791	680	2151	5105	10401	6279	5699	10167	11907	7706	9177	4348	8879	5739	9257	8573	4581	220	10281
613727	5701	7328	10928	11717	10518	10141	1872	4123	11487	9122	7378	372	797	6781	1655	11877	10137	781	10054	6638
536654	202	9876	8449	7693	2826	4959	9500	9855	8941	2739	10433	7552	1671	240	1517	6404	1154	4465	10778	11666
45757	6421	9556	1919	5405	3600	7340	3393	7653	8789	2110	5283	3857	6704	10444	7661	10072	1527	4504	4793	10929
482666	11189	11373	10663	1913	8010	1921	5772	5001	10810	8697	11749	455	10288	9439	8833	9349	10967	4111	6002	9056
798883	410	10705	2379	9877	514	11201	840	9383	9693	6052	1560	11157	557	1459	8633	5273	11289	7281	1813	92
1091545	6870	3137	2394	7460	2111	10918	4767	11570	3855	3737	3482	2507	11598	7260	4625	2804	3622	3335	1111	102
536791	331	9008	443	11241	8332	10679	4634	911	3696	8016	10889	10118	4778	3337	7807	1597	9848	122	9399	6033
798945	3842	11023	7138	2067	2563	10937	10131	3400	1528	9159	692	10041	4158	981	1763	1950	2079	4274	5111	10424
570068	9034	8101	6897	1915	861	5725	7792	516	1581	8327	5462	10516	1498	7897	10991	8217	11262	5633	2361	5419
1004258	4599	3433	9089	11741	11009	11710	7953	3711	11446	10586	9529	1489	7535	11160	6154	2744	10804	5976	4018	9689
1061167	9845	9057	10350	7921	3188	3427	4439	6620	5569	3722	4484	7359	7924	9455	8048	7140	9888	6887	6731	3773
1061210	6818	3650	4250	7354	10779	2873	11413	8081	2958	1151	1259	10936	7217	8112	507	1136	4815	2429	3085	986
1061237	7193	7842	1284	11379	107	10047	10874	1287	2153	701	311	7191	1802	3366	10613	6549	9528	6757	7117	7597
536995	338	9331	198	4192	9662	7228	9774	5735	5539	9147	7040	8706	4006	11492	10039	2339	5545	10527	7909	4924
1094389	2398	3284	10823	1708	10909	6628	8837	4129	8158	7762	9962	8861	3887	4488	9225	11217	8415	9966	115	5813
12741	11129	2118	10556	6475	6050	5860	3677	2809	2186	2758	10722	3452	3058	10344	11091	11291	9832	8291	1455	4026
1061324	433	10855	5087	11344	11517	2477	10982	10351	6774	6444	9930	1184	6778	3465	3107	3944	3996	374	1194	2040
1061382	4572	1040	4958	10070	9248	2694	6629	9473	8020	2508	163	10950	5324	1617	6144	7905	2272	1733	770	3832
274981	1503	6288	6557	9996	8067	7848	451	200	7176	3732	10258	5907	11489	9211	4752	6354	8801	8934	5272	11056
1061472	11956	7929	1182	870	8899	504	5873	5902	3615	6053	11062	8013	11514	9726	518	9825	806	11501	2871	5123
12903	3796	3207	8472	6947	9626	9545	2776	8402	6982	2663	11784	10694	5793	99	597	1251	569	10655	6528	4920
275049	7516	2912	7454	5657	9979	9718	8416	857	1157	10488	2646	702	5480	6696	2230	6573	9156	11092	2860	8476
275137	8742	4117	9151	5415	6124	611	11641	10494	9077	7051	10061	5311	7452	640	1224	4432	951	11908	931	2614
537301	3044	7748	892	10976	11329	612	11880	11707	9936	6884	1449	11881	8051	9974	1561	11771	3833	11736	6171	3664
537410	11545	7798	11903	2665	316	9470	4462	5782	4102	4113	3154	7150	4467	5437	4996	8331	8436	6329	9625	3114
308032	4944	5057	6011	5514	6668	5665	1143	2009	8747	2154	4231	6963	479	5537	10860	10146	6408	7491	3093	682
275355	7126	2376	836	941	2315	4427	2380	11024	1700	5326	37	10079	1902	2454	8689	9391	6504	3117	11910	555
537505	2928	11221	6192	7533	3651	473	8818	5220	2560	7085	11676	2915	8928	2635	7581	1867	649	10589	925	10073
537526	6197	1373	1646	5312	8169	9483	4883	1526	2815	8864	11216	1828	3644	194	5117	10166	3794	2698	6451	10662
275528	3981	8295	963	2517	5129	10731	10863	5470	8147	1987	2628	2570	10733	2527	9878	3596	2719	4955	565	8197
275534	4480	4791	8867	9495	5372	9516	5189	11069	3346	11667	2187	11127	7769	10308	2957	6861	9197	613	5242	1957
13397	8583	9890	7440	8968	1749	789	1567	4712	9258	11919	8233	4144	9922	556	9113	11809	156	11822	5512	7060
537706	642	756	1285	928	1624	2933	5745	4960	11887	9471	7417	8248	356	9842	7242	6642	7170	4544	5254	7323
537761	5388	9904	5500	4030	5556	2245	6359	5975	2879	5299	4434	3324	9592	7633	4045	4683	5912	3377	6642	5030
275629	2461	1803	6699	987	9095	8965	9573	8076	4962	2597	1990	7605	791	8815	1869	3667	6599	9281	5047	1899
537825	3152	2870	9434	61	8544	11370	4953	2346	8084	9507	11326	5383	3241	7740	8692	4392	1299	6103	4389	8336
1062190	10454	7118	6747	4454	7282	7041	7724	3162	4868	6810	5319	6163	9517	5399	9593	4294	6460	6495	10612	4450
1062233	9620	2090	5824	1358	5477	8445	6886	4029	1770	9143	4104	4687	1846	4103	1952	9912	1710	7338	6658	5944
537995	6633	5029	5847	8808	3743	11458	1786	6387	8141	11254	8564	3010	4082	3808	1288	3547	3358	7526	2468	11478
1062332	10143	5070	11660	833	6516	5576	4567	3289	7884	9750	5662	2898	3075	8709	6494	776	1566	4802	7411	3579
1062334	9115	11439	5932	307	6176	7239	11840	7062	10195	11396	11437	8161	601	134	5933	2190	10177	203	8722	900
1062350	4736	5141	10260	11600	858	5439	7104	11296	3759	9951	1553	11591	3422	2087	3930	5007	8219	3467	2456	11730
275997	11267	9640	8571	937	10520	2673	5940	2174	4365	10020	8823	4870	5492	5686	6974	823	10503	1916	11356	9542
1062457	9550	7613	9978	3613	4599	5494	9479	2852	4376	4954	2436	11612	11067	7965	9529	1834	8872	10666	11652	8616
800318	11424	8273	4997	3819	2950	498	1821	293	8373	2025	7670	5335	3506	11554	11311	5225	7294	6873	9152	373
1062511	545	1743	11003	2184	5085	10003	36	8769	11568	3477	5044	4146	695	1295	6236	9081	11704	6150	2874	11174
838453	889	11971	4849	8450	262	3347	6054	11835	11688	7102	7531	10063	11039	7224	7994	7614	9116	5965	656	9648
1062589	10252	5595	11496	7269	2116	2733	4000	2342	9376	7721	9488	9628	6186	4836	3629	7146	5170	4249	1641	6081
538309	3965	9596	2467	551	10033	9287	280	2366	6479	3785	4281	5249	10193	7119	3354	5328	5157	2526	4188	6803
1062603	2419	11682	572	10393	1021	8669	6644	2991	7695	6111	6997	10374	357	5304	10495	9794	3390	4383	4974	2987
1094605	11066	3412	6406	4063	11623	1599	9552	11699	9269	5521	5207	4759	6780	2216	3920	11603	9981	7371	1432	4532
1062609	2889	607	3515	8711	965	11448	11420	5567	7259	6551	4718	167	4477	7464	11037	6057	2080	8246	10624	9402
538333	8649	5868	7918	4782	5988	4877	3159	10314	2167	6107	3202	541	5421	7776	6312	8635	6752	6560	10481	7687
538340	9358	3572	7339	4531	5247	11474	10062	1805	10263	10048	10698	6312	5748	10640	8210	5353	8044	1619	7261	1476
276208	8082	9658	8484	6957	2945	6612	6487	11902	1589	3428	11866	11791	4755	10774	2490	3126	318	9680	876	6744
46040	9719	3929	2668	7043	1483	1342	2288	1208	4425	6825	8717	7883	8023	11703	6349	8821	5357	3799	11260	8900
1062687	6167	802	2073	5241	10693	3404	3028	647	241	4852	7073	7309	7025	3119	4489	8842	3319	8548	3745	11401
14151	5362	11935	8300	3342	7219	11937	9046	7473	8963	11606	3468	462	3165	3248	8453	10291	3578	747	7808	7655
276298	11040	5217	10647	3952	2945	9546	8475	6612	1744	7820	10296	5794	10457	5379	5515	4342	5349	9431	3915	8499
1062744	6295	1497	2606	11814	11274	1767	2824	7172	10751	8865	184	11133	5879	3541	8786	7095	8558	2578	1344	9977
276329	9252	10411	11252	10709	6902	11372	3025	9737	329	10037	5433	2855	767	6069	4957	1043	10363	4151	7449	8752
276338	9658	8484	2945	6612	5011	6487	5713	4755	10774	318	10457	3437	6744	8760	3915	7495	8069	1037	11205	8070
276348	2553	1118	9658	834	2945	8475	6487	11902	1589	3428	11866	4755	10774	1830	3970	318	5717	7064	1572	5349
1062784	7881	10380	8572	7475	1018	6755	3271	3636	2293	3594	622	9741	9279	869	4559	5023	6187	236	511	1047
832508	5805	4546	7094	10816	3653	6180	6587	4607	195	2519	10955	11070	7575	3586	11004	887	9112	4636	8377	8063
1062928	6073	4671	11261	3061	9222	602	6772	9324	6647	5937	7324	2016	8550	2777	458	4463	7630	5638	5509	5632
1062961	1009	6418	8713	2479	8235	3693	4208	3705	6379	9838	10901	11958	561	4685	3517	6985	9332	6032	10702	3922
471850	5388	4535	5984	7391	5410	5333	5460	10833	10412	7791	3544	7225	10965	2349	350	9551	4114	11204	7290	2135
576601	6962	10831	9442	8258	6708	10059	11035	5008	10356	2139	9595	7443	2931	10264	11596	1861	9915	2582	7325	7373
800987	5463	5768	8183	7022	2282	6773	10302	3322	6986	7747	8782	4573	5718	11867	11021	4372	3489	8333	8421	9123
1063177	8607	6510	10223	11368	8737	1669	1735	11172	6248	2382	11507	8813	6673	3418	4225	5239	8966	3203	9894	9991
818798	11789	4547	1780	10742	8810	367	10703	2707	10898	6067	1020	11645	8011	7592	10769	10756	4611	2446	1384	11799
1063349	7617	1799	897	762	1612	3858	1464	10399	8222	7310	9602	7561	3500	9480	5302	161	3772	8945	596	5800
1063371	6790	8405	1211	7292	2907	11068	6710	6360	11972	11963	2743	10464	5408	3230	5255	1245	11950	4108	7468	9207
276979	812	4165	103	5359	9188	3988	2875	440	5081	6264	5523	10798	636	8670	1678	5400	4005	10723	2808	10805
1063461	9131	6498	321	9959	1467	1176	8715	1314	2390	5139	9960	3739	418	11130	3763	10292	3140	7142	9966	11244
1063478	6705	2851	4370	11820	1559	4564	10191	4436	9953	2781	1166	6405	7349	6610	8924	4891	9676	6239	11285	5371
14947	464	10760	1562	11038	10231	3198	1252	7004	11434	9969	3516	8000	8590	1319	4549	5543	6837	1565	380	10648
14963	10763	11934	9298	4750	3233	4040	1055	7004	11434	3011	676	1209	10098	1319	2355	0	7127	11669	11219	7144
539278	5114	11317	9630	7752	9710	709	2274	7539	4052	6566	6546	8284	9815	5134	3211	10864	6265	5636	11797	1414
15039	3530	1784	2269	273	3123	9972	4016	276	1731	229	5580	7122	8698	11587	6297	8033	11792	6006	1167	2528
15063	1897	2123	4912	8171	9096	7879	3669	10579	130	4286	1388	1247	11292	2625	11357	1753	7069	5630	7753	3251
1063644	9067	6619	3621	11610	2278	1004	11228	5048	9783	5884	1639	4109	11473	11538	4999	6952	6700	6227	5062	1097
1063659	8341	5015	5425	2300	10616	6223	5391	4070	6228	278	7334	708	5135	4019	10434	2598	10285	7598	2546	1714
1063702	3908	208	393	3363	536	859	2747	688	8303	6423	6787	1206	7447	8412	42	687	947	3834	10309	3455
1063758	10558	2760	11256	10882	1002	10730	6613	6424	2226	9424	1500	7809	11557	1996	9581	11614	11377	3823	7715	2238
1063765	9410	2267	10672	3453	7717	2658	9130	745	11544	10087	2877	11895	9781	7725	9568	3740	4356	10202	7226	10554
1063777	9310	10897	10770	11833	11014	6519	1486	1076	3671	9340	8086	6044	1417	480	10361	7954	3630	11871	5886	6888
539601	11967	1477	10977	6944	5094	10170	1088	6253	9301	6416	4451	9406	5293	6575	2416	7089	520	7602	10470	2014
277459	9665	9170	230	8516	2156	10201	763	6313	6093	6928	7861	8389	5022	8687	3563	4774	10530	11082	11617	7289
1063892	1119	5454	9766	3040	3557	3442	8005	1233	5313	4917	9317	6317	5315	11115	7648	6960	10790	4335	1385	11813
539648	6101	4921	5227	10654	942	6865	8380	5447	10473	9250	666	5676	10822	11444	493	2529	5438	7520	3997	301
15382	3592	8272	7348	322	5935	159	4148	7742	11051	1585	2603	10261	7250	7795	24	2420	5382	10153	2006	7358
1063974	7945	11681	3291	4174	9231	11048	8388	9773	6283	8001	10744	3775	3571	3984	4757	9506	5321	11464	10317	11258
277556	5337	8571	4829	7506	506	10774	6093	305	5259	8069	9810	4087	7737	10907	8989	1186	7416	11539	287	6251
15441	4447	4195	6756	11453	7306	571	7703	2074	4775	9724	90	7988	11944	8304	5024	6820	8234	8131	11293	4395
801907	2771	212	5348	105	8621	3161	5880	9216	3778	10653	7411	5992	1061	3394	2565	6061	239	11374	1440	10682
277623	10182	8694	8705	736	8516	7851	4156	10201	6911	6313	6928	7861	5022	8687	5430	11082	7125	7289	12	8457
277632	3374	5938	2858	4268	768	2956	11821	2986	2983	8057	8439	8289	267	10587	9013	9762	4407	5978	8927	6094
1007473	10169	9973	6922	6445	6570	7570	4181	1162	2248	860	4744	3007	8735	11314	8053	4443	1264	3995	2547	11352
277701	4596	3481	5581	7654	3190	2285	7821	6093	5153	2988	8314	7510	5591	10107	4087	9392	267	9649	9013	1512
1064140	6830	2486	444	4096	11343	5338	4167	2741	11841	7915	6946	6609	11348	7058	1173	9148	5894	6075	213	6262
277737	5378	11230	7756	3814	1734	2043	5675	2403	80	6948	831	615	7885	5295	7113	5760	3307	3623	109	7352
1019649	7313	8196	1025	4064	6934	7256	4593	6858	1069	425	4677	1238	6355	4527	81	11034	754	1163	4816	2952
15607	7430	10194	7444	7566	7038	7075	2069	10413	2435	9361	11381	11012	7627	283	739	3273	8271	10890	11922	4216
1064195	1462	10050	4092	684	6271	9861	5146	8145	11100	8443	1229	6116	7024	10135	5229	7307	2483	119	1514	5235
1064206	971	6656	3407	5130	4670	6977	5689	6662	11975	397	6023	3204	1359	9117	4479	6687	3896	7180	8969	5637
277785	8571	10461	2699	11332	8957	2998	9193	3647	3213	6313	1870	4861	1072	4888	7733	7369	10784	769	5329	4994
277799	697	9665	9322	6310	2156	3548	11755	2647	11577	6007	400	8720	5066	3375	5978	10542	2289	8729	517	10097
539957	11223	8002	11968	7050	945	8232	5243	1420	5549	8197	4090	8451	415	5031	9400	314	4843	8925	10242	5159
277977	4596	9678	9086	5581	7654	3190	6093	1820	5153	2988	8314	8409	7510	10107	515	10089	4087	9392	3267	6779
1064473	5898	3103	1413	3501	2722	9161	952	1478	7554	9846	3803	7240	2000	7459	9270	6157	9779	416	11394	11057
278074	660	6816	5639	3499	11306	10997	3974	4056	10102	10523	8006	10560	9326	9797	6912	9320	6070	7588	11766	9460
802372	3029	3608	5895	6310	8007	173	2121	8042	8517	7185	5778	3882	6709	4558	9218	11755	11735	5090	6630	6955
1064518	10797	7998	4411	10287	9344	730	5517	6089	7816	7197	4768	4345	6569	3907	1188	11672	11832	10565	7321	4300
832790	231	4401	710	10018	7856	6994	4421	391	3726	9830	8532	6715	935	9554	1030	2600	7801	4856	7220	10767
540306	2640	5541	9590	8662	11752	8935	3051	9964	1555	9371	10752	162	10089	4423	295	6046	7168	5881	10368	9318
253678	7811	7777	4275	8980	5651	9201	8893	11097	347	3708	5870	1165	9744	6987	5267	1253	6640	3837	3681	8493
540432	11801	5503	2085	4918	11898	3072	30	1109	961	7374	6322	4035	871	11882	3565	662	5294	4537	1330	11808
540456	117	3027	5664	9432	9777	4336	8600	336	11213	11862	959	11512	11092	6113	9609	7502	2503	6397	2751	9909
802634	8820	8987	7333	5710	11705	5373	4304	362	3751	9275	6973	6428	3323	11952	6088	9552	11371	11359	8370	3272
1064852	603	3956	1429	11631	6643	9058	6937	450	4340	4807	6769	3406	3754	6149	10104	2542	1336	4541	4330	2415
278429	11008	5844	7020	1104	10543	1412	11762	2162	10138	2577	997	2497	11683	11408	6301	11751	4124	3205	6979	11321
1094996	1795	5635	533	6919	11870	5560	3459	9631	10546	9457	11721	6452	5601	8658	1608	5762	2399	822	5952	4812
1064961	11663	6381	932	6361	1010	10383	4740	11222	1925	9443	1661	6597	5412	10422	565	9634	8619	4998	9422	1549
278542	9043	1940	4682	10108	4487	4914	4623	10216	6021	8283	11920	2962	6060	7643	7731	3258	11010	4085	4900	2083
1065032	8458	7944	5491	1980	10152	9266	7938	3874	9687	9587	7788	664	3682	10676	3635	1533	10962	6657	2938	424
278606	5356	6100	4682	10108	4457	2812	6532	3242	6066	5158	225	9069	2425	10216	10784	8283	7001	6060	2364	512
278658	2837	3112	182	1092	1860	11459	10497	3964	5186	534	1499	5201	10848	4823	1334	8447	9386	5901	3783	7132
1065118	3191	10532	3096	2440	6679	11724	9849	7123	7745	11276	2622	2262	2410	10232	8406	3405	248	748	8028	11702
16559	11225	8721	4001	5808	1742	10441	324	6289	6231	5236	2895	482	9731	2246	6742	1016	9982	5863	728	8681
1065160	3155	5479	821	2843	7952	7485	4473	11740	3014	968	8472	7632	11125	7049	7677	10581	1690	8825	9234	3340
540906	2453	1159	2629	2657	8398	3755	11818	11369	4456	4830	2992	7757	1005	11365	2350	10421	7956	2035	11250	5003
1065227	6003	6208	10230	6087	2963	10502	3245	8149	5086	9276	4215	344	608	4426	4119	4305	8556	5661	4995	7103
540983	9208	5621	2640	5541	8896	11271	8662	11752	10956	1555	9371	10752	162	10089	2360	1490	7868	8673	4423	9346
278863	7519	775	9751	9882	11119	5039	5396	6411	8211	8661	4099	4626	5969	8200	3905	11108	1093	9699	4470	2825
1095059	8151	9534	3232	1338	9396	7683	7872	11440	8809	7365	2181	9355	5092	5108	6659	75	5390	5906	6139	4179
803237	8400	2368	9721	4135	3199	445	3962	3399	9919	9126	11918	5431	3167	2070	6719	8206	8438	11238	3841	8153
541135	7235	2219	3698	6608	9041	6523	10225	8849	10869	3411	7901	1403	10229	8531	3921	6984	6624	2503	5050	2208
16860	4728	7445	10385	1800	8252	8667	6966	11847	6333	7152	3553	5655	8843	6330	3797	8840	10080	10545	4854	7619
803306	10939	6286	2939	2702	6426	5095	476	1994	2107	11441	2120	1853	9192	9586	513	2310	9826	6407	487	5564
1065494	9328	4809	7497	10942	4617	10159	11183	1435	9917	7341	4437	1552	4074	11698	2863	5820	6548	11490	1218	4238
1065551	7012	4884	865	298	8701	2239	6616	1951	2363	7080	8408	11054	3652	1214	5124	2010	5939	9454	9663	9720
1065558	1672	2424	11104	10537	7367	4493	9670	2239	3854	4424	635	9804	4078	1967	11349	1329	7080	5404	1929	1
541272	5502	5230	11351	7537	8037	9494	7446	7190	3384	1620	8749	11580	1796	8682	7556	2973	9792	2356	8259	5027
541274	2648	6194	3786	4787	2232	2757	1838	1317	3586	4020	3313	10124	5456	6723	7229	10329	7114	9412	1538	4131
1065650	7782	7252	10140	10658	9330	8507	11362	6246	9338	2692	4303	2177	10639	7979	7527	529	11000	9547	1458	1311
279229	2773	1516	9421	4261	6478	1300	983	1757	6015	5890	1783	3077	8265	7489	6409	526	5075	4341	6339	9975
17110	5593	8293	7335	4469	5499	7590	6518	11045	8757	8754	912	5054	10547	11086	8338	274	1110	6939	7638	2082
1095121	10914	1650	64	5226	9345	3631	7789	7510	5888	460	5929	7911	9380	3957	5919	5875	4838	8930	2089	11576
1065712	2465	6786	722	8326	7983	2213	4193	6622	5469	11179	7735	7006	4579	5953	4926	11491	5188	6758	820	7649
541425	10877	3884	9080	3899	10517	9235	2347	9574	5993	5435	2343	9458	1099	6594	521	10458	2700	4694	2997	2053
1065728	4275	5651	11858	7383	9201	2880	2612	10038	5465	7183	4910	1165	3776	6275	7066	9744	6987	7505	2723	6640
1095126	5064	11930	8178	4824	5941	5977	9948	1368	3148	2130	11546	7576	9339	5296	2337	10345	7284	11708	4349	3512
803599	9840	2533	3492	6789	3243	2052	10645	5422	8058	7028	4907	1267	5669	2114	11421	3398	2307	5204	2499	141
541557	10895	53	2058	777	4595	11485	9746	10964	8746	8466	11630	7359	463	7231	2195	5173	6763	2834	4157	10908
46579	3566	7903	9329	11558	7927	2024	6095	11592	39	2302	8031	8462	7925	3002	7099	1728	6352	10681	7607	11549
1065971	11959	7777	4444	2630	5136	7160	8255	11896	2146	3408	3661	10352	4574	11032	9793	6881	7824	1241	8523	2949
1065985	8334	6040	7038	4987	1984	5185	8886	9753	11502	436	2182	6240	10958	2019	5693	7435	4805	6155	3338	5546
17430	1879	11088	7179	7407	7283	8498	7010	9025	9441	5238	10211	7928	7379	3758	6652	9327	8024	6156	1142	8204
1066043	5659	10689	11017	6714	4121	2136	1573	11804	5757	2044	4320	546	6626	10789	10092	11298	4631	2466	6524	11513
1066116	6365	7003	7332	2209	10594	6041	5132	2806	11059	8526	11442	3919	10456	848	2372	2305	10618	8505	5829	9611
279718	3982	7414	10578	11	1750	3054	10900	8427	5648	4440	3991	8385	2038	8328	11484	6420	4438	8918	4214	6965
17635	1541	1141	10849	5234	6674	9125	8640	2753	2944	8482	10148	11783	4928	4145	1536	6175	9285	4059	4806	10622
541948	486	8901	2960	8743	1006	6045	4632	626	1356	9051	6229	2681	6829	294	3907	7836	8902	3475	10566	10758
804103	6983	5634	7184	3260	124	3121	3992	11140	3642	5575	8700	1349	817	9255	11499	3017	1230	6363	10307	4776
541969	5809	8510	7707	9372	148	10561	7641	1105	6078	1817	11953	10395	8184	8189	1437	9563	4592	5828	4080	8650
804197	5374	224	271	7565	4071	4209	6017	9423	1519	3620	4526	11132	4126	97	5606	1683	7709	7198	969	11185
279987	251	10643	6862	3419	2271	2316	6419	1337	5471	9989	11380	903	6018	5107	2283	8363	10121	6567	7876	8008
17848	2398	909	1858	4378	10220	752	4932	10499	6910	5211	6488	3498	4159	7173	3746	742	7420	3033	1878	10078
17884	10110	7120	8663	6138	8805	11542	366	4280	10250	881	3076	4963	8958	9202	10807	1103	6576	10512	2244	2279
789439	10019	10539	3602	3289	1360	375	11480	6196	10179	10100	4880	4563	9093	11509	9044	381	9813	6159	9229	8910
658372	6618	9622	1302	2001	3133	3885	1511	10857	1782	5106	7958	7067	4024	3026	5088	11110	8269	988	11144	3378
280223	7690	3239	10732	306	4946	905	9015	3937	4139	5529	5683	2828	5264	2770	5960	3564	7081	6480	5909	7090
18101	1897	2123	4912	8171	3669	130	4286	1388	1247	7032	11292	2625	4627	10921	1753	7069	3251	10865	3435	4598
1066709	11397	7298	4800	3703	10819	5646	6055	1260	4513	4822	4242	11041	3223	3037	813	2491	9194	3847	3683	5036
1066716	2030	10619	3978	1917	11308	1664	106	4643	8603	2296	320	4956	1393	10550	6114	11601	5450	875	2471	5889
1066792	7504	3055	8068	6142	11689	9799	10635	5918	3151	7232	707	7973	221	5892	2228	11571	8247	3430	9700	11765
804687	4977	1939	1973	689	2649	6631	8410	3568	8848	4647	11096	4428	4688	11674	10777	1495	5789	9525	2367	7262
1066916	10838	3252	3950	4890	10301	7790	8292	3349	5455	412	4141	5056	270	10266	8026	3367	11417	8318	3	11376
1066958	4359	9447	7381	810	5949	9928	10521	5139	675	8882	641	1114	1862	811	9895	10406	11032	9489	9367	669
1066966	405	4162	10779	2873	11413	6593	8081	10947	7217	8112	11468	6492	5871	2180	2386	3634	9771	11135	3983	794
1066971	9688	5367	4186	2831	3183	10049	8463	9869	11758	4180	7704	815	5281	7970	11923	4568	9809	2362	16	2791
542806	5687	11055	10064	11255	8604	171	10683	3413	2904	2766	10603	1681	734	5759	6707	10217	11181	9023	6967	4355
323592	10443	3071	9499	9135	10988	9645	9940	4230	11101	9181	8780	6867	2926	6959	592	11333	992	11162	5489	2046
804996	2726	2264	4704	5786	9522	5276	8719	6200	2940	4239	10916	6596	1024	10042	7728	11615	11614	8672	3823	5058
1067276	11793	11231	9063	5196	7015	7611	8165	11863	2348	201	11404	9958	11266	9844	216	2344	562	1751	4614	8615
1067284	3382	867	3712	10326	2682	8228	1160	7780	731	9902	2308	2113	11830	1054	3780	6872	7106	10531	8519	6669
18759	4762	8852	6351	4	8125	3844	10244	1212	11639	9591	11253	78	2586	11523	3736	7387	4927	9100	2961	2081
280927	2843	7487	7859	3549	9907	4862	1602	2663	9165	3340	3891	1886	6513	5122	8645	7948	151	2383	6499	10717
543251	5703	8721	5808	9497	6289	8811	5691	4217	2065	1881	7037	5724	10204	6742	9282	11650	7895	7141	3099	7343
134239	446	9297	11046	1831	11280	1558	4511	10504	7974	3276	3741	340	8083	9735	543	851	8102	3999	1345	2256
1067587	10163	9383	6459	11390	2734	1933	7044	587	804	10678	11782	1523	8931	10735	495	5690	3701	1941	2894	5936
1067640	3004	5386	1153	6184	11109	3469	4841	10403	5815	3368	1128	8976	9196	3038	5351	11491	4673	8281	6940	10764
1067659	6953	11578	4153	783	40	4961	2214	5005	10255	9000	7196	5165	9883	5971	10174	11551	6211	329	10037	9382
281270	4716	10995	5307	1815	116	6931	11294	6735	2523	1301	5125	6131	1145	9236	6651	10632	6471	6879	11647	5263
1067724	6076	5719	469	9150	9839	7899	5508	6860	11940	5013	1914	6205	4034	7390	9271	214	11976	9433	2055	6563
1067764	6711	2443	4931	5258	8655	9267	5907	477	10634	6584	976	8862	8926	7783	3132	4194	10021	11455	4875	3840
1067772	1689	3637	6012	4922	8970	1988	1738	5506	7016	7893	10581	77	9239	1856	3120	5482	1115	1152	3443	260
1067826	11282	1399	1304	2602	9886	8608	10105	535	2412	993	8878	5947	1781	7628	6540	6685	984	4089	7839	4211
543644	3214	8686	234	6247	3567	5428	1922	2037	11467	1177	2311	4649	5536	6220	11151	11785	3516	10571	8365	5190
19457	11663	8903	4735	1067	5972	8641	5237	8237	6535	7007	7636	11207	8238	10449	253	5704	1546	994	9582	1185
805900	8680	5980	9195	9534	8529	6389	4604	490	5432	11775	1371	2810	5160	1823	8807	7433	11714	5199	157	3851
543813	7996	3510	5742	2268	8123	8512	171	6356	5618	185	4490	11839	8495	3598	7528	1436	276	11877	9020	11481
19552	6929	352	3372	6588	9377	7331	333	3451	4110	5692	9987	8844	4218	10617	1632	10419	5012	3337	7807	176
281702	6975	1717	4494	10390	4065	11884	7159	10631	8056	9765	2683	3771	4739	11347	4966	2407	1007	7206	11781	4364
281704	2587	9308	2051	8759	6727	11857	10741	4893	7278	9524	11973	3292	5752	3822	2150	9950	4393	522	4399	2919
543849	3665	3641	5780	4171	5442	2972	11182	8049	11170	9180	5810	9660	11286	7311	11759	4455	7800	5368	10954	6688
1095542	9187	11398	11074	3590	2571	4422	8594	9743	2890	2968	7209	8186	1044	10528	1333	10476	11795	1106	1357	8707
543951	10370	6812	3569	11251	8800	7872	6690	773	7365	1269	6278	8477	6874	3297	11121	6068	4991	3277	4420	9451
1068276	1390	4706	3513	9782	4825	4696	4033	3720	2838	5660	4408	10498	825	8637	1741	3511	6759	6909	4270	2576
1068290	11047	5885	3212	837	11914	8911	9536	2317	118	8954	8895	10811	10462	108	1847	11418	6801	9885	10452	2642
544060	5325	10044	10122	5614	6838	918	7976	9513	2374	7866	10559	8981	6247	7264	5787	1922	3491	5530	177	773
281930	2772	10866	1980	1079	4901	6645	1545	3410	5915	5244	5688	7981	8052	6880	382	10306	5364	175	8324	11269
1068408	4758	10573	2034	5821	9129	10562	1985	9	1132	9407	3518	5184	8260	160	5733	4813	9655	7631	8617	7072
544123	6655	7033	8604	11251	9752	4068	5578	1409	2727	6677	3610	8990	10348	5266	5642	3865	9464	2878	7874	10239
19940	5219	4663	1189	9702	3806	7871	1080	10803	7082	2901	6024	10820	11559	10313	6501	3476	5535	1266	3938	9874
544277	4936	4244	11240	8744	3232	1310	8280	4221	2354	3260	6247	2421	4930	4337	3812	8437	10025	187	3065	4621
544308	9585	2370	8195	4693	3603	4134	10029	4198	10697	2891	2561	5834	5611	6552	6795	8061	6533	930	1956	8671
544319	4965	8721	5808	9497	6289	10606	4650	4217	7037	10567	8345	4613	5724	10204	4601	9982	9282	346	5863	11650
282214	580	9994	4212	4203	6746	1771	7931	4515	3876	1031	4788	7850	1441	1789	386	3484	7698	7763	6509	713
1068715	8820	8983	8704	4701	1376	9862	3779	652	11888	6084	1452	8360	6973	4312	2328	10477	11304	11191	8657	2031
806574	10595	5231	7964	8678	10010	8091	568	11011	1580	8221	5327	8695	1033	2626	10818	112	1676	5147	6218	7978
1068726	233	9398	1175	2051	11916	621	528	2537	3486	1611	542	5629	8441	4445	11171	6637	172	3714	7578	7175
282397	11846	2726	6670	9850	4615	6165	11229	8263	6268	8719	2940	48	1777	3939	2438	2157	2275	8665	5052	5058
806688	7478	3012	5616	8568	2792	1904	1864	8203	6776	2969	1926	11409	7771	11608	2888	1908	9800	4310	8826	9009
282411	9290	8478	6431	10529	4182	11770	10026	737	7279	5627	3227	6844	11948	11505	1892	7967	4293	7027	10667	11309
833507	4491	6505	6733	2711	7293	1003	9742	8513	7577	2893	6920	5174	6170	6803	11933	1470	4458	2227	8950	10343
995787	6324	7002	4292	5923	10164	5767	304	7794	9691	3043	1082	10106	4655	6147	2623	2061	1078	9873	10369	10319
1068924	5388	9904	5556	2245	8311	6359	1768	10271	10440	8638	1875	2879	4434	4197	5973	3593	4045	4683	11136	5912
20356	7288	3640	2729	10129	5127	3848	1236	4749	3245	8149	1122	10931	6555	8104	4305	8556	5452	3226	4995	6954
1068952	9715	11960	4228	9512	10428	5590	5167	10420	2830	733	1341	10150	9864	4561	1298	7319	5652	6961	10467	2273
305650	10183	2530	614	9965	11800	9387	8192	1421	9615	7345	2531	3497	4989	7559	2422	4587	11080	11427	4763	1450
282530	9695	10086	5078	8138	8726	9657	9925	7939	10381	4753	11977	7442	5807	3424	7329	10450	4086	4814	7101	2459
20432	6870	3137	2394	7460	2111	10918	4767	11570	3855	3737	3482	2507	11598	7260	4625	2804	3622	3335	1111	102
1069028	7018	10256	8802	4321	10379	2559	6889	8773	7766	6854	10446	9059	11300	5660	8948	5403	9427	8162	6466	2872
544745	7571	10189	9166	5387	2796	1395	798	11613	1248	9757	2941	3787	5856	8390	1363	25	2714	2234	7826	2500
1051990	4860	10032	11385	563	8021	10388	11479	7353	1760	9295	8066	2444	10850	10511	4373	8699	11750	6026	4719	2199
544811	4937	98	11829	3721	5729	6819	8218	1887	2769	6823	8094	9221	11142	8674	4012	4266	8961	1323	2388	11587
1069108	3327	3798	3194	11510	8	6632	10330	1059	8515	9819	11277	4175	5233	8352	4641	5743	1367	8647	11927	4653
1069128	1430	4272	11027	8597	9140	11678	9068	7508	8596	11726	9173	8404	3971	11589	10180	8279	5331	7355	4084	11389
20597	9941	4446	5552	4992	3935	9088	6059	6672	8392	4575	8562	10334	10522	8306	8468	8135	11195	11850	1126	6712
1069222	926	11642	9884	11232	5853	7055	9099	1297	9823	9652	2129	4565	674	6942	8551	11218	844	1642	2993	7568
20671	3414	2697	5155	7908	1178	9061	6074	9784	7396	946	2259	6375	4624	4338	6392	6221	5612	2581	738	34
544974	6410	11838	8267	4580	2007	5839	9306	4803	9533	2746	3567	1158	11844	2263	4649	2924	11779	11824	7668	9641
1069313	5799	3003	2767	3385	10582	2555	3244	5386	2133	1272	9597	5550	10933	5766	8396	4371	10506	10700	3924	3968
833579	9738	3298	9913	9870	8473	807	3550	11161	4031	8675	850	704	2084	11787	4979	437	4695	3542	4316	6226
1069344	719	1975	6588	10701	8943	1893	11233	10661	10978	11957	4334	10762	2618	2474	5012	5059	10358	5700	3005	2995
1069405	3800	7637	743	7441	3989	11575	2485	5268	272	7509	8956	5032	72	2331	7796	6846	7356	663	3109	10993
1069474	1503	6288	2996	6557	9996	8067	7848	451	200	7176	3732	10258	5907	11489	9211	4752	7767	6354	8801	5272
1069521	9292	8325	6189	4950	4011	7364	716	11237	6924	9703	11760	1494	3423	1210	7595	7759	5562	5096	1866	2604
1069556	717	8537	2455	2047	6716	6713	3903	9851	7477	5758	9132	9397	2371	4351	5286	8214	5822	10699	10737	2148
283141	6304	898	3472	2516	5375	8733	8496	5417	10329	2589	4633	3979	9246	1982	4501	4902	11295	8223	9426	10158
545359	5325	10044	10122	5614	6838	918	7976	9513	2374	7866	10559	8981	6247	7264	5787	1922	3491	5530	177	773
1052089	11734	1183	3283	3300	11628	7093	4289	1577	123	2864	8080	11335	4077	1138	2510	6840	3998	3672	6058	1428
1069717	11872	1070	5795	10524	8316	11722	7330	4433	2619	523	8922	5695	5841	8612	1193	4497	3792	10214	2862	7410
807585	2999	2115	1515	3694	491	7402	6269	7557	7210	7875	8034	1207	8788	10685	8208	4940	8430	2191	10501	277
545450	11743	1231	11015	10888	5808	10437	9303	3446	10181	6278	7388	8613	5738	1438	187	1049	1563	3070	11621	183
21185	2176	7367	9767	7741	2017	2932	2022	9228	10126	11718	995	10404	10439	10719	1596	3546	7469	5352	588	3362
576822	3926	9363	4058	8774	4149	11825	3436	11449	6359	3879	2724	1844	5728	760	192	1875	2638	866	645	2222
283344	5332	4829	8790	6100	2544	5025	3242	3249	6066	5721	5073	2805	7738	1888	6112	769	3813	5979	6701	11114
545575	8527	8168	9461	2183	11255	10932	1294	3431	7872	8578	11498	11482	3531	6878	3558	255	7847	1049	3383	5453
178325	10627	4678	9870	2057	2943	9633	11477	9935	4545	1366	8485	4858	4979	6177	1454	1139	7672	5802	2588	4684
283548	11965	6583	7178	6019	4703	1275	2662	76	3745	10960	1400	7213	1754	7532	5734	8060	2417	685	9553	9569
1069981	9492	10016	2564	5849	3713	9955	11194	2684	5792	1131	9264	10028	1776	8361	6649	4681	7596	10625	1648	8946
1069983	4461	9847	9696	11150	9418	2078	3829	7896	6908	7518	1835	9952	8140	10206	4363	9659	11548	2167	6938	1090
807880	7256	9743	4340	11978	10989	11892	10984	8038	5053	691	8860	1931	955	8781	8816	8382	9417	6675	3416	6739
1070131	7984	359	6308	1325	9732	3256	1790	2060	5435	7995	3588	7603	10347	5401	1146	6132	10557	648	5252	5101
545847	2370	9461	11102	7730	9533	2797	3031	11582	9608	7644	650	8909	7054	237	2392	2656	10740	3865	9464	1604
808019	6654	9029	1918	5339	3302	4520	10215	5507	1394	9623	914	2750	2886	1364	10812	8971	5714	387	7622	8974
21603	8750	11769	11788	10592	8315	10298	11318	11588	2788	1713	10883	440	6318	6534	7827	9821	2400	3791	1108	4241
1100581	10823	4173	11186	7950	7486	420	10659	1930	10295	32	4839	8873	3020	9311	575	9605	10987	4309	5175	4474
21741	5045	1616	3767	7840	2104	10132	9968	2335	8767	6441	28	1472	2105	6842	6309	7907	8154	9352	8651	4325
21765	3804	2223	1355	2020	3521	3138	62	9786	9984	4307	8424	2352	11885	2373	9681	8761	2608	8921	4536	7008
1095899	8866	9244	2039	2759	4819	10934	7296	7192	9805	11312	9070	3638	3836	11165	8310	11470	127	11214	3049	5741
1070412	10366	11416	5547	2654	10154	8088	558	8605	7482	7061	9606	2929	1876	6378	8242	10188	792	9319	6511	7667
21861	11616	9932	2887	1824	9527	3886	9120	6993	3525	5609	11227	7088	5897	8530	8107	3386	2909	7476	2817	9926
1070452	8426	10482	1296	4872	5009	4913	8624	957	5513	4731	11461	5397	11725	2431	8877	644	6574	10149	2974	9354
284072	448	4240	7398	1217	11188	11753	2163	7616	9734	1051	9725	6096	2404	466	9578	10708	11700	9820	624	9501
808362	5176	1623	5113	4720	6080	3815	6603	3254	9803	4521	6914	4328	2954	6702	6433	3105	11564	3184	1348	2579
21948	7194	335	4750	2292	8207	10415	1910	11835	9258	5038	5964	2008	1601	11714	10071	5974	8949	8249	4555	10919
1070546	8266	238	7835	191	363	7818	232	392	10994	1865	5300	11574	7375	10414	5040	9409	11552	4652	11215	8755
463373	6064	11506	3219	1722	4514	10753	4780	721	7421	6536	5412	7079	4714	1618	3360	3343	4267	5859	2920	7666
790110	8533	6600	9170	1885	2730	3262	10081	10278	7322	4471	7755	5142	1423	2599	574	7317	3869	7111	3454	11966
1095952	4897	8522	7483	4765	180	1401	2525	8035	6035	6676	2685	7989	3805	816	6126	6543	2247	2780	11196	8254
284313	10466	5589	438	6201	6809	10750	3006	2609	4339	3306	9535	3332	8025	4570	6121	11768	8374	9082	7688	3943
546459	11899	1905	6874	1480	7401	5738	4226	8575	1989	8092	2166	8294	275	9336	5566	9175	7699	7760	1415	478
22231	1318	2441	3352	1785	69	2131	1321	7057	2323	8716	3691	2829	6008	11146	10213	10924	8932	5365	7940	673
808716	1579	3680	1837	750	1801	2502	2188	1806	4100	2329	11378	8146	8282	3614	9669	8073	1128	9137	5803	6921
1070867	10619	3978	8569	1101	2840	1703	8753	2296	3873	1393	10550	6114	5450	875	658	2539	3821	3744	1484	2708
47419	6331	1191	3445	3658	10873	6717	3488	2451	4183	8205	4658	913	11367	9157	6202	1574	3048	4256	1920	3597
284565	11733	4682	6804	7851	6412	10145	5	8585	9263	9003	10480	6140	11107	1265	9562	10095	6060	6069	9386	5355
22479	4066	5274	1840	91	2859	2735	8483	8166	6210	461	11771	11890	4933	8967	7665	14	5109	7257	5666	5192
1071061	8391	11224	9824	2229	5544	1038	7583	6813	10610	6882	8287	6086	6030	4308	11163	1719	5042	5164	4481	8182
546825	2736	11398	7778	918	10407	1095	11255	1379	7465	10478	10868	7558	9435	2504	8892	461	11515	9946	933	7888
1071198	4678	11856	9733	2319	8827	8799	7457	8277	10973	3900	10355	8652	5004	6298	11547	6995	6891	1192	3282	3179
546956	8420	4233	5709	3303	10171	10161	6219	11361	5418	3084	4466	1169	10540	1687	11739	3824	4943	3174	3673	11657
1071270	11058	1978	1769	9897	4538	5149	10224	3396	9033	2427	8072	6896	4476	5443	9668	6851	3502	1570	8487	5712
547018	6388	4154	10246	11555	7363	8177	1216	11033	5194	8264	632	6158	2161	6895	3078	4106	1286	3290	4945	7514
547089	7287	8554	3195	327	10959	4125	9510	3756	3757	1659	10376	5089	7404	6465	1060	11320	10463	8356	11637	4166
1071389	1035	3514	7456	9283	7462	5288	852	9523	9540	8542	6660	7803	4771	2899	10590	6009	9074	4569	2900	9183
547139	9136	10371	2405	1017	8129	3666	4230	10130	1305	168	592	8558	9288	1842	6320	6137	1886	84	8369	3980
22882	9968	4666	11263	135	6441	6842	2210	3068	5019	4325	6792	10007	2309	2303	4605	1898	6102	4014	2231	11691
1071485	7744	2276	6768	8514	355	11794	60	8123	8898	8904	10113	3050	4277	9889	11079	4400	3344	4276	9217	4857
1071534	10509	8734	9476	1666	3835	2536	2406	7291	3975	10432	4262	609	68	1839	426	929	11904	4142	376	2865
1071545	9209	4975	1705	904	10657	1554	5594	11815	10936	8181	1928	5987	8629	4609	5775	131	1339	395	4577	3457
547301	9541	4329	2617	6485	6866	7408	6273	11340	6429	164	1850	10284	6153	3127	6687	10221	150	10436	2550	826
285158	2495	4091	10052	9791	8889	4015	2562	4027	7966	6646	6442	2849	4323	11849	8745	1073	1694	2575	10899	4939
1071598	6805	5161	11651	4384	10425	10881	9242	8552	7458	290	263	10564	7843	7273	11530	5781	288	7530	8460	7663
